{
    "nu": [
        0.7085028846532221,
        0.7147178222379001,
        0.7209327598225782,
        0.7271476974072552,
        0.733362634991932,
        0.7395775725766089,
        0.745792510161287,
        0.7520074477459653,
        0.7582223853306422,
        0.764437322915319,
        0.7706522604999959,
        0.7768671980846741,
        0.7830821356693523,
        0.7892970732540292,
        0.7955120108387057,
        0.8017269484233829,
        0.8079418860080609,
        0.8328016363467698,
        0.8514464491008032,
        0.8700912618548349
    ],
    "R_AH": [
        118.35936692878526,
        172.141811902613,
        380.8993226670006,
        1134.525215199342,
        2588.855734582711,
        4421.088447123645,
        5887.191297778055,
        6470.456038495497,
        6588.980909172214,
        5677.384354156838,
        3964.635289522114,
        2455.070323696353,
        1431.959456929101,
        629.8920634232032,
        470.4170101599538,
        437.6600883850221,
        433.90760966248337,
        488.4418392768134,
        442.584307804748,
        705.648348303077
    ],
    "R_AH_sigma": [
        1.5610718721871129,
        42.642023643468946,
        3.8816191569691556,
        10.231351223402449,
        21.100873885378796,
        20.656448281999417,
        49.346437164373405,
        62.806388473944885,
        49.57487456875221,
        93.1511228675812,
        168.88527679457076,
        18.23685201237282,
        24.53527755169734,
        42.417348548486004,
        35.600790965038314,
        54.224236081403085,
        26.069949294209348,
        13.53084027383995,
        39.66954400864574,
        12.733072814706759
    ],
    "R_H": [
        4440.482900494987,
        4634.114068039508,
        5146.686077213128,
        6653.566127159301,
        5226.997604134514,
        889.2021307350591,
        -544.6092327065267,
        -3966.14004257248,
        -5404.284694967077,
        -6944.981494274221,
        -8835.04774514731,
        -9644.728841305972,
        -8487.452756400584,
        -6898.47516476989,
        -5034.063435986243,
        -4314.9886998080865,
        -3852.3891569061843,
        -1013.2768761993714,
        -552.35229979255,
        -239.43010543498497
    ],
    "R_H_sigma": [
        40.93556013356759,
        204.11925708628235,
        49.37495202557838,
        139.03198197586158,
        468.02894362873013,
        295.5238448275715,
        253.42590082700173,
        267.57093217031235,
        262.41943781032614,
        502.292934483678,
        829.6600863871471,
        179.99891540874924,
        241.8230475066416,
        390.69164807980343,
        239.1416598702864,
        355.18085737411985,
        187.93500943909643,
        101.98171289789157,
        206.0321623849261,
        102.8416942939253
    ]
}