{
    "tr_curr": [
        4.2500000000000003e-08,
        4.4000000000000004e-08,
        4.5000000000000006e-08,
        4.6e-08
    ],
    "tr_rate": [
        0.00437063,
        0.0105955,
        0.034626,
        0.148898
    ],
    "tr_err": [
        [
            0.000743499,
            0.00165891,
            0.00559846,
            0.0315823
        ],
        [
            0.000813404,
            0.00179918,
            0.006074,
            0.0352978
        ]
    ],
    "tr_n": [
        130,
        144,
        142,
        94
    ]
}